{"cameraMode":{"drawMode":0,"name":"Shaded","section":"Shading Mode"},"sceneLighting":true,"audioPlay":false,"sceneViewState":{"showFog":true,"showMaterialUpdate":false,"showSkybox":true,"showFlares":true,"showImageEffects":true,"showParticleSystems":true},"in2DMode":false,"pivot":{"x":163.11680603027345,"y":4.547677993774414,"z":85.52290344238281},"rotation":{"x":0.18042033910751344,"y":-0.39383116364479067,"z":0.07913988083600998,"w":0.8978208899497986},"size":6.45672607421875,"orthographic":false}