{"cameraMode":{"drawMode":0,"name":"Shaded","section":"Shading Mode"},"sceneLighting":true,"audioPlay":false,"sceneViewState":{"showFog":true,"showMaterialUpdate":false,"showSkybox":true,"showFlares":true,"showImageEffects":true,"showParticleSystems":true},"in2DMode":false,"pivot":{"x":81.41447448730469,"y":-80.46710205078125,"z":225.2269744873047},"rotation":{"x":-0.22277316451072694,"y":0.25305622816085818,"z":-0.06000174954533577,"w":-0.9395394921302795},"size":192.4765167236328,"orthographic":false}