{"cameraMode":{"drawMode":0,"name":"Shaded","section":"Shading Mode"},"sceneLighting":false,"audioPlay":false,"sceneViewState":{"showFog":true,"showMaterialUpdate":false,"showSkybox":true,"showFlares":true,"showImageEffects":true,"showParticleSystems":true},"in2DMode":false,"pivot":{"x":167.55789184570313,"y":1.1335750818252564,"z":81.29190826416016},"rotation":{"x":-0.04396931082010269,"y":0.953208327293396,"z":-0.24573948979377747,"w":-0.1705072671175003},"size":11.547019004821778,"orthographic":false}