{"cameraMode":{"drawMode":0,"name":"Shaded","section":"Shading Mode"},"sceneLighting":false,"audioPlay":false,"sceneViewState":{"showFog":true,"showMaterialUpdate":false,"showSkybox":true,"showFlares":true,"showImageEffects":true,"showParticleSystems":true},"in2DMode":false,"pivot":{"x":161.08966064453126,"y":0.7491679191589356,"z":82.64015197753906},"rotation":{"x":0.20905807614326478,"y":0.22105585038661958,"z":-0.04857181757688522,"w":0.9513516426086426},"size":0.9193474650382996,"orthographic":false}