{"cameraMode":{"drawMode":0,"name":"Shaded","section":"Shading Mode"},"sceneLighting":false,"audioPlay":false,"sceneViewState":{"showFog":true,"showMaterialUpdate":false,"showSkybox":true,"showFlares":true,"showImageEffects":true,"showParticleSystems":true},"in2DMode":false,"pivot":{"x":162.4097137451172,"y":0.6800000667572022,"z":84.18141174316406},"rotation":{"x":0.22901687026023866,"y":0.0440877303481102,"z":-0.010378201492130757,"w":0.9723681807518005},"size":6.015767574310303,"orthographic":false}