{"cameraMode":{"drawMode":0,"name":"Shaded","section":"Shading Mode"},"sceneLighting":false,"audioPlay":false,"sceneViewState":{"showFog":true,"showMaterialUpdate":false,"showSkybox":true,"showFlares":true,"showImageEffects":true,"showParticleSystems":true},"in2DMode":false,"pivot":{"x":165.5792236328125,"y":0.22596123814582826,"z":85.67088317871094},"rotation":{"x":0.24522767961025239,"y":-0.020056797191500665,"z":0.005080123897641897,"w":0.9692447781562805},"size":0.30644679069519045,"orthographic":false}