{"cameraMode":{"drawMode":0,"name":"Shaded","section":"Shading Mode"},"sceneLighting":false,"audioPlay":false,"sceneViewState":{"showFog":true,"showMaterialUpdate":false,"showSkybox":true,"showFlares":true,"showImageEffects":true,"showParticleSystems":true},"in2DMode":false,"pivot":{"x":165.58050537109376,"y":0.4678311347961426,"z":85.66617584228516},"rotation":{"x":0.24522767961025239,"y":-0.020056797191500665,"z":0.005080123897641897,"w":0.9692447781562805},"size":0.7661360502243042,"orthographic":false}