{"cameraMode":{"drawMode":0,"name":"Shaded","section":"Shading Mode"},"sceneLighting":false,"audioPlay":false,"sceneViewState":{"showFog":true,"showMaterialUpdate":false,"showSkybox":true,"showFlares":true,"showImageEffects":true,"showParticleSystems":true},"in2DMode":false,"pivot":{"x":168.47256469726563,"y":0.37916794419288638,"z":81.58059692382813},"rotation":{"x":-0.17714561522006989,"y":0.7650525569915772,"z":-0.23691165447235108,"w":-0.5720025300979614},"size":0.9193474650382996,"orthographic":false}