{"cameraMode":{"drawMode":0,"name":"Shaded","section":"Shading Mode"},"sceneLighting":false,"audioPlay":false,"sceneViewState":{"showFog":true,"showMaterialUpdate":false,"showSkybox":true,"showFlares":true,"showImageEffects":true,"showParticleSystems":true},"in2DMode":false,"pivot":{"x":160.33856201171876,"y":0.6611679196357727,"z":83.49559783935547},"rotation":{"x":0.06027282774448395,"y":-0.0026873063761740925,"z":0.00016700745618436486,"w":0.9981783032417297},"size":0.9193474650382996,"orthographic":false}