{"cameraMode":{"drawMode":0,"name":"Shaded","section":"Shading Mode"},"sceneLighting":false,"audioPlay":false,"sceneViewState":{"showFog":true,"showMaterialUpdate":false,"showSkybox":true,"showFlares":true,"showImageEffects":true,"showParticleSystems":true},"in2DMode":false,"pivot":{"x":167.36099243164063,"y":0.5799999237060547,"z":81.91799926757813},"rotation":{"x":-0.17714561522006989,"y":0.7650525569915772,"z":-0.23691165447235108,"w":-0.5720025300979614},"size":5.7157673835754398,"orthographic":false}