{"cameraMode":{"drawMode":0,"name":"Shaded","section":"Shading Mode"},"sceneLighting":false,"audioPlay":false,"sceneViewState":{"showFog":true,"showMaterialUpdate":false,"showSkybox":true,"showFlares":true,"showImageEffects":true,"showParticleSystems":true},"in2DMode":false,"pivot":{"x":167.36099243164063,"y":0.5799999237060547,"z":84.29100036621094},"rotation":{"x":0.025995656847953798,"y":0.9654476642608643,"z":-0.23658038675785066,"w":0.10613566637039185},"size":5.7157673835754398,"orthographic":false}